<?xml version="1.0" encoding="UTF-8"?><module codename="org.openide.text">
    <module_version install_time="1528314798347" last="true" origin="installer" specification_version="6.61.1">
        <file crc="2441864466" name="config/ModuleAutoDeps/org-openide-text.xml"/>
        <file crc="1795978028" name="config/Modules/org-openide-text.xml"/>
        <file crc="2423537440" name="modules/locale/org-openide-text_ja.jar"/>
        <file crc="2708068454" name="modules/locale/org-openide-text_pt_BR.jar"/>
        <file crc="3432302971" name="modules/locale/org-openide-text_ru.jar"/>
        <file crc="1273963728" name="modules/locale/org-openide-text_zh_CN.jar"/>
        <file crc="2619079707" name="modules/org-openide-text.jar"/>
    </module_version>
</module>
