<?xml version="1.0" encoding="UTF-8"?><module codename="org.netbeans.modules.print">
    <module_version install_time="1528314797218" last="true" origin="installer" specification_version="7.21.1">
        <file crc="4146358971" name="config/Modules/org-netbeans-modules-print.xml"/>
        <file crc="1350778721" name="modules/locale/org-netbeans-modules-print_ja.jar"/>
        <file crc="813660443" name="modules/locale/org-netbeans-modules-print_pt_BR.jar"/>
        <file crc="2004365801" name="modules/locale/org-netbeans-modules-print_ru.jar"/>
        <file crc="1409496060" name="modules/locale/org-netbeans-modules-print_zh_CN.jar"/>
        <file crc="3221302757" name="modules/org-netbeans-modules-print.jar"/>
    </module_version>
</module>
