<?xml version="1.0" encoding="UTF-8"?><module codename="org.openide.compat">
    <module_version install_time="1407173225297" last="true" origin="installer" specification_version="6.31.1">
        <file crc="1028000658" name="config/Modules/org-openide-compat.xml"/>
        <file crc="3667929782" name="modules/locale/org-openide-compat_ja.jar"/>
        <file crc="4180481239" name="modules/locale/org-openide-compat_pt_BR.jar"/>
        <file crc="2221297725" name="modules/locale/org-openide-compat_ru.jar"/>
        <file crc="3239345245" name="modules/locale/org-openide-compat_zh_CN.jar"/>
        <file crc="1619526248" name="modules/org-openide-compat.jar"/>
    </module_version>
</module>
