<?xml version="1.0" encoding="UTF-8"?><module codename="org.netbeans.modules.templates/1">
    <module_version install_time="1407173224454" last="true" origin="installer" specification_version="1.2.1">
        <file crc="1866266725" name="config/Modules/org-netbeans-modules-templates.xml"/>
        <file crc="2642653148" name="modules/locale/org-netbeans-modules-templates_ja.jar"/>
        <file crc="2896316204" name="modules/locale/org-netbeans-modules-templates_pt_BR.jar"/>
        <file crc="862809114" name="modules/locale/org-netbeans-modules-templates_ru.jar"/>
        <file crc="2714696088" name="modules/locale/org-netbeans-modules-templates_zh_CN.jar"/>
        <file crc="360619375" name="modules/org-netbeans-modules-templates.jar"/>
    </module_version>
</module>
