<?xml version="1.0" encoding="UTF-8"?><module codename="org.netbeans.core.output2/1">
    <module_version install_time="1528314794525" last="true" origin="installer" specification_version="1.36.1">
        <file crc="1198063063" name="config/Modules/org-netbeans-core-output2.xml"/>
        <file crc="963824066" name="modules/locale/org-netbeans-core-output2_ja.jar"/>
        <file crc="1639079099" name="modules/locale/org-netbeans-core-output2_pt_BR.jar"/>
        <file crc="178103427" name="modules/locale/org-netbeans-core-output2_ru.jar"/>
        <file crc="3006670098" name="modules/locale/org-netbeans-core-output2_zh_CN.jar"/>
        <file crc="1924412825" name="modules/org-netbeans-core-output2.jar"/>
    </module_version>
</module>
