<?xml version="1.0" encoding="UTF-8"?><module codename="org.netbeans.core.execution/1">
    <module_version install_time="1407173219163" last="true" origin="installer" specification_version="1.36.1">
        <file crc="131205059" name="config/Modules/org-netbeans-core-execution.xml"/>
        <file crc="728882135" name="modules/locale/org-netbeans-core-execution_ja.jar"/>
        <file crc="681541204" name="modules/locale/org-netbeans-core-execution_pt_BR.jar"/>
        <file crc="30500950" name="modules/locale/org-netbeans-core-execution_ru.jar"/>
        <file crc="1377913740" name="modules/locale/org-netbeans-core-execution_zh_CN.jar"/>
        <file crc="1172233592" name="modules/org-netbeans-core-execution.jar"/>
    </module_version>
</module>
