<?xml version="1.0" encoding="UTF-8"?><module codename="org.openide.options">
    <module_version install_time="1407173226054" last="true" origin="installer" specification_version="6.31.2">
        <file crc="2763036759" name="config/Modules/org-openide-options.xml"/>
        <file crc="573603458" name="modules/locale/org-openide-options_ja.jar"/>
        <file crc="2661285070" name="modules/locale/org-openide-options_pt_BR.jar"/>
        <file crc="717152888" name="modules/locale/org-openide-options_ru.jar"/>
        <file crc="456805090" name="modules/locale/org-openide-options_zh_CN.jar"/>
        <file crc="1596347839" name="modules/org-openide-options.jar"/>
    </module_version>
</module>
