<?xml version="1.0" encoding="UTF-8"?><module codename="org.netbeans.modules.settings/1">
    <module_version install_time="1407173224350" last="true" origin="installer" specification_version="1.44.1">
        <file crc="554047262" name="config/Modules/org-netbeans-modules-settings.xml"/>
        <file crc="3952139825" name="modules/locale/org-netbeans-modules-settings_ja.jar"/>
        <file crc="545460733" name="modules/locale/org-netbeans-modules-settings_pt_BR.jar"/>
        <file crc="3216690941" name="modules/locale/org-netbeans-modules-settings_ru.jar"/>
        <file crc="1211620439" name="modules/locale/org-netbeans-modules-settings_zh_CN.jar"/>
        <file crc="2402792858" name="modules/org-netbeans-modules-settings.jar"/>
    </module_version>
</module>
