<?xml version="1.0" encoding="UTF-8"?><module codename="org.netbeans.swing.tabcontrol">
    <module_version install_time="1528314797712" last="true" origin="installer" specification_version="1.50.1">
        <file crc="327432460" name="config/Modules/org-netbeans-swing-tabcontrol.xml"/>
        <file crc="380788414" name="modules/locale/org-netbeans-swing-tabcontrol_ja.jar"/>
        <file crc="267013481" name="modules/locale/org-netbeans-swing-tabcontrol_pt_BR.jar"/>
        <file crc="1340303630" name="modules/locale/org-netbeans-swing-tabcontrol_ru.jar"/>
        <file crc="3607572372" name="modules/locale/org-netbeans-swing-tabcontrol_zh_CN.jar"/>
        <file crc="3029189481" name="modules/org-netbeans-swing-tabcontrol.jar"/>
    </module_version>
</module>
