<?xml version="1.0" encoding="UTF-8"?><module codename="org.netbeans.core.osgi">
    <module_version install_time="1407173219554" last="true" origin="installer" specification_version="1.17.1">
        <file crc="4106410406" name="config/Modules/org-netbeans-core-osgi.xml"/>
        <file crc="2365622663" name="modules/locale/org-netbeans-core-osgi_ja.jar"/>
        <file crc="3889047431" name="modules/locale/org-netbeans-core-osgi_pt_BR.jar"/>
        <file crc="1439615163" name="modules/locale/org-netbeans-core-osgi_ru.jar"/>
        <file crc="620282728" name="modules/locale/org-netbeans-core-osgi_zh_CN.jar"/>
        <file crc="2925412166" name="modules/org-netbeans-core-osgi.jar"/>
    </module_version>
</module>
