<?xml version="1.0" encoding="UTF-8"?><module codename="org.netbeans.modules.autoupdate.ui">
    <module_version install_time="1407173222744" last="true" origin="installer" specification_version="1.40.1">
        <file crc="123778612" name="config/Modules/org-netbeans-modules-autoupdate-ui.xml"/>
        <file crc="2542482299" name="modules/locale/org-netbeans-modules-autoupdate-ui_ja.jar"/>
        <file crc="4113093167" name="modules/locale/org-netbeans-modules-autoupdate-ui_pt_BR.jar"/>
        <file crc="484572360" name="modules/locale/org-netbeans-modules-autoupdate-ui_ru.jar"/>
        <file crc="1500912340" name="modules/locale/org-netbeans-modules-autoupdate-ui_zh_CN.jar"/>
        <file crc="3641721239" name="modules/org-netbeans-modules-autoupdate-ui.jar"/>
    </module_version>
</module>
