<?xml version="1.0" encoding="UTF-8"?><module codename="org.netbeans.libs.felix">
    <module_version install_time="1528314795150" last="true" origin="installer" specification_version="2.11.1">
        <file crc="1327048437" name="config/Modules/org-netbeans-libs-felix.xml"/>
        <file crc="2638952453" name="modules/ext/felix-4.2.1.jar"/>
        <file crc="3716027180" name="modules/locale/org-netbeans-libs-felix_ja.jar"/>
        <file crc="2525710958" name="modules/locale/org-netbeans-libs-felix_pt_BR.jar"/>
        <file crc="2339590004" name="modules/locale/org-netbeans-libs-felix_ru.jar"/>
        <file crc="2378518846" name="modules/locale/org-netbeans-libs-felix_zh_CN.jar"/>
        <file crc="982039191" name="modules/org-netbeans-libs-felix.jar"/>
    </module_version>
</module>
