<?xml version="1.0" encoding="UTF-8"?><module codename="org.netbeans.modules.masterfs.linux">
    <module_version install_time="1407173223294" last="true" origin="installer" specification_version="1.9.1">
        <file crc="367044464" name="config/Modules/org-netbeans-modules-masterfs-linux.xml"/>
        <file crc="3938360396" name="modules/locale/org-netbeans-modules-masterfs-linux_ja.jar"/>
        <file crc="1329099486" name="modules/locale/org-netbeans-modules-masterfs-linux_pt_BR.jar"/>
        <file crc="3789980438" name="modules/locale/org-netbeans-modules-masterfs-linux_ru.jar"/>
        <file crc="1635864926" name="modules/locale/org-netbeans-modules-masterfs-linux_zh_CN.jar"/>
        <file crc="1685086951" name="modules/org-netbeans-modules-masterfs-linux.jar"/>
    </module_version>
</module>
