<?xml version="1.0" encoding="UTF-8"?><module codename="org.netbeans.modules.options.keymap">
    <module_version install_time="1528314797176" last="true" origin="installer" specification_version="1.30.1">
        <file crc="2363851279" name="config/Modules/org-netbeans-modules-options-keymap.xml"/>
        <file crc="725683890" name="modules/locale/org-netbeans-modules-options-keymap_ja.jar"/>
        <file crc="2483284801" name="modules/locale/org-netbeans-modules-options-keymap_pt_BR.jar"/>
        <file crc="122762736" name="modules/locale/org-netbeans-modules-options-keymap_ru.jar"/>
        <file crc="3253325618" name="modules/locale/org-netbeans-modules-options-keymap_zh_CN.jar"/>
        <file crc="984622332" name="modules/org-netbeans-modules-options-keymap.jar"/>
    </module_version>
</module>
