<?xml version="1.0" encoding="UTF-8"?><module codename="org.netbeans.modules.autoupdate.cli">
    <module_version install_time="1407173222351" last="true" origin="installer" specification_version="1.8.1">
        <file crc="1140292232" name="config/Modules/org-netbeans-modules-autoupdate-cli.xml"/>
        <file crc="1413845481" name="modules/locale/org-netbeans-modules-autoupdate-cli_ja.jar"/>
        <file crc="3402902138" name="modules/locale/org-netbeans-modules-autoupdate-cli_pt_BR.jar"/>
        <file crc="3218653217" name="modules/locale/org-netbeans-modules-autoupdate-cli_ru.jar"/>
        <file crc="163047120" name="modules/locale/org-netbeans-modules-autoupdate-cli_zh_CN.jar"/>
        <file crc="2189141194" name="modules/org-netbeans-modules-autoupdate-cli.jar"/>
    </module_version>
</module>
