<?xml version="1.0" encoding="UTF-8"?><module codename="org.netbeans.modules.editor.mimelookup/1">
    <module_version install_time="1407173222869" last="true" origin="installer" specification_version="1.35.1">
        <file crc="244035803" name="config/Modules/org-netbeans-modules-editor-mimelookup.xml"/>
        <file crc="4231338686" name="modules/locale/org-netbeans-modules-editor-mimelookup_ja.jar"/>
        <file crc="3871037273" name="modules/locale/org-netbeans-modules-editor-mimelookup_pt_BR.jar"/>
        <file crc="1505785342" name="modules/locale/org-netbeans-modules-editor-mimelookup_ru.jar"/>
        <file crc="3823467934" name="modules/locale/org-netbeans-modules-editor-mimelookup_zh_CN.jar"/>
        <file crc="2974455944" name="modules/org-netbeans-modules-editor-mimelookup.jar"/>
    </module_version>
</module>
