<?xml version="1.0" encoding="UTF-8"?><module codename="org.netbeans.swing.plaf">
    <module_version install_time="1407173224710" last="true" origin="installer" specification_version="1.36.1">
        <file crc="4198966476" name="config/Modules/org-netbeans-swing-plaf.xml"/>
        <file crc="1064452354" name="modules/locale/org-netbeans-swing-plaf_ja.jar"/>
        <file crc="619184022" name="modules/locale/org-netbeans-swing-plaf_pt_BR.jar"/>
        <file crc="2219439263" name="modules/locale/org-netbeans-swing-plaf_ru.jar"/>
        <file crc="423982331" name="modules/locale/org-netbeans-swing-plaf_zh_CN.jar"/>
        <file crc="2607107469" name="modules/org-netbeans-swing-plaf.jar"/>
    </module_version>
</module>
